﻿<?xml version="1.0" encoding="utf-8" standalone="yes"?>
<gameList>
  <game>
    <path>./cannonball.sh</path>
    <name>OutRun</name>
    <image>./media/cannonball.png</image>
  </game>
    <game>
    <path>./corsixth.sh</path>
    <name>Theme Hospital</name>
    <image>./media/corsixth.png</image>
  </game>
  <game>
    <path>./devilutionx.sh</path>
    <name>Diablo</name>
    <image>./media/devilutionx.png</image>
  </game>
  <game>
    <path>./duke3d.sh</path>
    <name>Duke Nukem 3D</name>
    <image>./media/duke3d.png</image>
  </game>
  <game>
    <path>./ioquake3.sh</path>
    <name>Quake 3 Arena</name>
    <image>./media/ioquake3.png</image>
  </game>
  <game>
    <path>./lzdoom.sh</path>
    <name>LZ Doom</name>
    <image>./media/lzdoom.png</image>
  </game>
  <game>
    <path>./openjazz.sh</path>
    <name>Jazz JackRabbit</name>
    <image>./media/openjazz.png</image>
  </game>
  <game>
    <path>./openlara.sh</path>
    <name>Tomb Raider</name>
    <image>./media/openlara.png</image>
  </game>
  <game>
    <path>./rawgl.sh</path>
    <name>Another World</name>
    <image>./media/rawgl.png</image>
  </game>
  <game>
    <path>./sdlpop.sh</path>
    <name>Prince of Perisa</name>
    <image>./media/sdlpop.png</image>
  </game>
  <game>
    <path>./wolf4sdl.sh</path>
    <name>Wolfenstein 3D</name>
    <image>./media/wolf3d.png</image>
  </game>
  <game>
    <path>./wolf4sdl_sd.sh</path>
    <name>Wolfenstein 3D: Spear of Destiny</name>
    <image>./media/wolf3dsd.png</image>
  </game>
  <game>
    <path>./xash3d.sh</path>
    <name>Half-Life</name>
    <image>./media/xash3d.png</image>
  </game>
</gameList>