<?xml version="1.0" encoding="utf-8"?>
<paths>
	<path key="games">/media/games</path>
	<path key="roms">/media/roms</path>
	<path key="db">/media/project_eris/etc/project_eris/SYS/databases</path>
    <path key="cfg">/media/project_eris/etc/project_eris/CFG</path>
    <path key="launchers">/media/project_eris/etc/project_eris/SUP/launchers</path>
    <path key="ra_bin">/media/project_eris/opt/retroarch</path>
    <path key="ra_cfg">/media/project_eris/opt/retroarch/config/retroarch</path>
    <path key="ra_cores">/media/project_eris/opt/retroarch/config/retroarch/cores</path>
	<path key="transfertool">/media/project_eris/opt/psc_transfer_tools</path>
	<path key="transfer">/media/transfer</path>
	<path key="internal_games">/media/project_eris/internal_games</path>
    <path key="mods">/media/project_eris/mods</path>
	<path key="es_bin">/media/project_eris/opt/emulationstation</path>
    <path key="es_cfg">/media/project_eris/opt/emulationstation/.emulationstation</path>
</paths>
<configs>
	<cfg key="folderprefix">pefolder</cfg>
	<cfg key="tool_pngquant">.\tools\pngquant</cfg>
	<cfg key="tool_popstation">.\tools\popstation</cfg>
	<cfg key="tool_chdman">.\tools\chdman</cfg>
</configs>