<?xml version="1.0" encoding="utf-8"?>
<sbis>
	<sbi>SCES-00311</sbi>
	<sbi>SCES-01431</sbi>
	<sbi>SCES-01444</sbi>
	<sbi>SCES-01492</sbi>
	<sbi>SCES-01493</sbi>
	<sbi>SCES-01494</sbi>
	<sbi>SCES-01495</sbi>
	<sbi>SCES-01516</sbi>
	<sbi>SCES-01517</sbi>
	<sbi>SCES-01518</sbi>
	<sbi>SCES-01519</sbi>
	<sbi>SCES-01564</sbi>
	<sbi>SCES-01695</sbi>
	<sbi>SCES-01700</sbi>
	<sbi>SCES-01701</sbi>
	<sbi>SCES-01702</sbi>
	<sbi>SCES-01703</sbi>
	<sbi>SCES-01704</sbi>
	<sbi>SCES-01763</sbi>
	<sbi>SCES-01882</sbi>
	<sbi>SCES-01979</sbi>
	<sbi>SCES-02005</sbi>
	<sbi>SCES-02006</sbi>
	<sbi>SCES-02007</sbi>
	<sbi>SCES-02028</sbi>
	<sbi>SCES-02029</sbi>
	<sbi>SCES-02030</sbi>
	<sbi>SCES-02031</sbi>
	<sbi>SCES-02104</sbi>
	<sbi>SCES-02105</sbi>
	<sbi>SCES-02105</sbi>
	<sbi>SCES-02182</sbi>
	<sbi>SCES-02185</sbi>
	<sbi>SCES-02264</sbi>
	<sbi>SCES-02290</sbi>
	<sbi>SCES-02365</sbi>
	<sbi>SCES-02366</sbi>
	<sbi>SCES-02367</sbi>
	<sbi>SCES-02368</sbi>
	<sbi>SCES-02369</sbi>
	<sbi>SCES-02430</sbi>
	<sbi>SCES-02431</sbi>
	<sbi>SCES-02432</sbi>
	<sbi>SCES-02487</sbi>
	<sbi>SCES-02488</sbi>
	<sbi>SCES-02489</sbi>
	<sbi>SCES-02490</sbi>
	<sbi>SCES-02491</sbi>
	<sbi>SCES-02544</sbi>
	<sbi>SCES-02545</sbi>
	<sbi>SCES-02546</sbi>
	<sbi>SCES-02834</sbi>
	<sbi>SCES-02835</sbi>
	<sbi>SCES-02835</sbi>
	<sbi>SLES-00017</sbi>
	<sbi>SLES-00995</sbi>
	<sbi>SLES-01041</sbi>
	<sbi>SLES-01226</sbi>
	<sbi>SLES-01241</sbi>
	<sbi>SLES-01301</sbi>
	<sbi>SLES-01362</sbi>
	<sbi>SLES-01545</sbi>
	<sbi>SLES-01715</sbi>
	<sbi>SLES-01733</sbi>
	<sbi>SLES-01906</sbi>
	<sbi>SLES-01907</sbi>
	<sbi>SLES-01943</sbi>
	<sbi>SLES-02024</sbi>
	<sbi>SLES-02025</sbi>
	<sbi>SLES-02026</sbi>
	<sbi>SLES-02027</sbi>
	<sbi>SLES-02071</sbi>
	<sbi>SLES-02080</sbi>
	<sbi>SLES-12080</sbi>
	<sbi>SLES-22080</sbi>
	<sbi>SLES-32080</sbi>
	<sbi>SLES-02081</sbi>
	<sbi>SLES-12081</sbi>
	<sbi>SLES-22081</sbi>
	<sbi>SLES-32081</sbi>
	<sbi>SLES-02082</sbi>
	<sbi>SLES-12082</sbi>
	<sbi>SLES-22082</sbi>
	<sbi>SLES-32082</sbi>
	<sbi>SLES-02083</sbi>
	<sbi>SLES-12083</sbi>
	<sbi>SLES-22083</sbi>
	<sbi>SLES-32083</sbi>
	<sbi>SLES-02084</sbi>
	<sbi>SLES-12084</sbi>
	<sbi>SLES-22084</sbi>
	<sbi>SLES-32084</sbi>
	<sbi>SLES-02086</sbi>
	<sbi>SLES-02112</sbi>
	<sbi>SLES-02113</sbi>
	<sbi>SLES-02118</sbi>
	<sbi>SLES-02207</sbi>
	<sbi>SLES-02208</sbi>
	<sbi>SLES-02209</sbi>
	<sbi>SLES-02210</sbi>
	<sbi>SLES-02211</sbi>
	<sbi>SLES-02293</sbi>
	<sbi>SLES-02328</sbi>
	<sbi>SLES-12328</sbi>
	<sbi>SLES-22328</sbi>
	<sbi>SLES-02329</sbi>
	<sbi>SLES-12329</sbi>
	<sbi>SLES-22329</sbi>
	<sbi>SLES-02330</sbi>
	<sbi>SLES-12330</sbi>
	<sbi>SLES-22330</sbi>
	<sbi>SLES-02355</sbi>
	<sbi>SLES-02395</sbi>
	<sbi>SLES-02529</sbi>
	<sbi>SLES-02530</sbi>
	<sbi>SLES-02531</sbi>
	<sbi>SLES-02532</sbi>
	<sbi>SLES-02533</sbi>
	<sbi>SLES-02538</sbi>
	<sbi>SLES-02558</sbi>
	<sbi>SLES-12558</sbi>
	<sbi>SLES-02559</sbi>
	<sbi>SLES-12559</sbi>
	<sbi>SLES-02560</sbi>
	<sbi>SLES-12560</sbi>
	<sbi>SLES-02561</sbi>
	<sbi>SLES-12561</sbi>
	<sbi>SLES-02562</sbi>
	<sbi>SLES-12562</sbi>
	<sbi>SLES-02563</sbi>
	<sbi>SLES-02572</sbi>
	<sbi>SLES-02573</sbi>
	<sbi>SLES-02681</sbi>
	<sbi>SLES-02688</sbi>
	<sbi>SLES-02689</sbi>
	<sbi>SLES-02698</sbi>
	<sbi>SLES-02700</sbi>
	<sbi>SLES-02704</sbi>
	<sbi>SLES-02705</sbi>
	<sbi>SLES-02706</sbi>
	<sbi>SLES-02707</sbi>
	<sbi>SLES-02722</sbi>
	<sbi>SLES-02724</sbi>
	<sbi>SLES-02733</sbi>
	<sbi>SLES-02754</sbi>
	<sbi>SLES-02755</sbi>
	<sbi>SLES-02756</sbi>
	<sbi>SLES-02763</sbi>
	<sbi>SLES-02766</sbi>
	<sbi>SLES-02767</sbi>
	<sbi>SLES-02824</sbi>
	<sbi>SLES-02830</sbi>
	<sbi>SLES-02831</sbi>
	<sbi>SLES-02839</sbi>
	<sbi>SLES-02857</sbi>
	<sbi>SLES-02858</sbi>
	<sbi>SLES-02859</sbi>
	<sbi>SLES-02861</sbi>
	<sbi>SLES-02965</sbi>
	<sbi>SLES-12965</sbi>
	<sbi>SLES-22965</sbi>
	<sbi>SLES-32965</sbi>
	<sbi>SLES-02966</sbi>
	<sbi>SLES-12966</sbi>
	<sbi>SLES-22966</sbi>
	<sbi>SLES-32966</sbi>
	<sbi>SLES-02967</sbi>
	<sbi>SLES-12967</sbi>
	<sbi>SLES-22967</sbi>
	<sbi>SLES-32967</sbi>
	<sbi>SLES-02968</sbi>
	<sbi>SLES-12968</sbi>
	<sbi>SLES-22968</sbi>
	<sbi>SLES-32968</sbi>
	<sbi>SLES-02969</sbi>
	<sbi>SLES-12969</sbi>
	<sbi>SLES-22969</sbi>
	<sbi>SLES-32969</sbi>
	<sbi>SLES-02975</sbi>
	<sbi>SLES-02977</sbi>
	<sbi>SLES-02978</sbi>
	<sbi>SLES-02992</sbi>
	<sbi>SLES-03062</sbi>
	<sbi>SLES-03189</sbi>
	<sbi>SLES-03191</sbi>
	<sbi>SLES-03241</sbi>
	<sbi>SLES-03242</sbi>
	<sbi>SLES-03245</sbi>
	<sbi>SLES-03324</sbi>
	<sbi>SLES-03489</sbi>
	<sbi>SLES-03519</sbi>
	<sbi>SLES-03520</sbi>
	<sbi>SLES-03521</sbi>
	<sbi>SLES-03522</sbi>
	<sbi>SLES-03523</sbi>
	<sbi>SLES-03530</sbi>
	<sbi>SLES-03603</sbi>
	<sbi>SLES-03605</sbi>
	<sbi>SLES-03626</sbi>
</sbis>