﻿<?xml version="1.0" encoding="utf-8"?>
<platforms>
  <platform id="1">PC</platform>
  <platform id="2">Nintendo GameCube</platform>
  <platform id="3" esname="n64">Nintendo 64</platform>
  <platform id="4" esname="gb">Nintendo Game Boy</platform>
  <platform id="5" esname="gba">Nintendo Game Boy Advance</platform>
  <platform id="6" esname="snes">Super Nintendo (SNES)</platform>
  <platform id="7" esname="nes">Nintendo Entertainment System (NES)</platform>
  <platform id="8" esname="nds">Nintendo DS</platform>
  <platform id="9">Nintendo Wii</platform>
  <platform id="10" esname="psx">Sony Playstation</platform>
  <platform id="11">Sony Playstation 2</platform>
  <platform id="12">Sony Playstation 3</platform>
  <platform id="13" esname="psp">Sony Playstation Portable</platform>
  <platform id="14">Microsoft Xbox</platform>
  <platform id="15">Microsoft Xbox 360</platform>
  <platform id="16" esname="dreamcast">Sega Dreamcast</platform>
  <platform id="17" esname="saturn">Sega Saturn</platform>
  <platform id="18" esname="genesis">Sega Genesis</platform>
  <platform id="20" esname="gamegear">Sega Game Gear</platform>
  <platform id="21" esname="segacd">Sega CD</platform>
  <platform id="22" esname="atari2600">Atari 2600</platform>
  <platform id="23">Arcade</platform>
  <platform id="24" esname="neogeo">Neo Geo</platform>
  <platform id="25" esname="3do">3DO</platform>
  <platform id="26" esname="atari5200">Atari 5200</platform>
  <platform id="27" esname="atari7800">Atari 7800</platform>
  <platform id="28" esname="atarijaguar">Atari Jaguar</platform>
  <platform id="29">Atari Jaguar CD</platform>
  <platform id="30">Atari XE</platform>
  <platform id="31" esname="colecovision">Colecovision</platform>
  <platform id="32" esname="intellivision">Intellivision</platform>
  <platform id="33" esname="sega32x">Sega 32X</platform>
  <platform id="34" esname="tg16">TurboGrafx 16</platform>
  <platform id="35" esname="mastersystem">Sega Master System</platform>
  <platform id="36" esname="megadrive">Sega Mega Drive</platform>
  <platform id="37">Mac OS</platform>
  <platform id="38">Nintendo Wii U</platform>
  <platform id="39">Sony Playstation Vita</platform>
  <platform id="40" esname="c64">Commodore 64</platform>
  <platform id="41" esname="gbc">Nintendo Game Boy Color</platform>
  <platform id="4911" esname="amiga">Amiga</platform>
  <platform id="4912">Nintendo 3DS</platform>
  <platform id="4913" esname="zxspectrum">Sinclair ZX Spectrum</platform>
  <platform id="4914" esname="amstradcpc">Amstrad CPC</platform>
  <platform id="4915">iOS</platform>
  <platform id="4916">Android</platform>
  <platform id="4917">Philips CD-i</platform>
  <platform id="4918" esname="virtualboy">Nintendo Virtual Boy</platform>
  <platform id="4919">Sony Playstation 4</platform>
  <platform id="4920">Microsoft Xbox One</platform>
  <platform id="4921">Ouya</platform>
  <platform id="4922" esname="ngp">Neo Geo Pocket</platform>
  <platform id="4923">Neo Geo Pocket Color</platform>
  <platform id="4924" esname="atarilynx">Atari Lynx</platform>
  <platform id="4925" esname="wonderswan">WonderSwan</platform>
  <platform id="4926">WonderSwan Color</platform>
  <platform id="4927">Magnavox Odyssey 2</platform>
  <platform id="4928">Fairchild Channel F</platform>
  <platform id="4929" esname="msx">MSX</platform>
  <platform id="4930">PC-FX</platform>
  <platform id="4931">Sharp X68000</platform>
  <platform id="4932">FM Towns Marty</platform>
  <platform id="4933">PC-88</platform>
  <platform id="4934">PC-98</platform>
  <platform id="4935">Nuon</platform>
  <platform id="4936">Famicom Disk System</platform>
  <platform id="4937" esname="atarist">Atari ST</platform>
  <platform id="4938">N-Gage</platform>
  <platform id="4939">Vectrex</platform>
  <platform id="4940">Game.com</platform>
  <platform id="4941">TRS-80 Color Computer</platform>
  <platform id="4942">Apple II</platform>
  <platform id="4943" esname="atari800">Atari 800</platform>
  <platform id="4944">Acorn Archimedes</platform>
  <platform id="4945">Commodore VIC-20</platform>
  <platform id="4946">Commodore 128</platform>
  <platform id="4947">Amiga CD32</platform>
  <platform id="4948">Mega Duck</platform>
  <platform id="4949" esname="sg-1000">SEGA SG-1000</platform>
  <platform id="4950">Game &amp; Watch</platform>
  <platform id="4951">Handheld Electronic Games (LCD)</platform>
  <platform id="4952">Dragon 32/64</platform>
  <platform id="4953">Texas Instruments TI-99/4A</platform>
  <platform id="4954">Acorn Electron</platform>
  <platform id="4955" esname="tg-cd">TurboGrafx CD</platform>
  <platform id="4956">Neo Geo CD</platform>
  <platform id="4957">Nintendo Pokémon Mini</platform>
  <platform id="4958">Sega Pico</platform>
  <platform id="4959">Watara Supervision</platform>
  <platform id="4960">Tomy Tutor</platform>
  <platform id="4961">Magnavox Odyssey 1</platform>
  <platform id="4962">Gakken Compact Vision</platform>
  <platform id="4963">Emerson Arcadia 2001</platform>
  <platform id="4964">Casio PV-1000</platform>
  <platform id="4965">Epoch Cassette Vision</platform>
  <platform id="4966">Epoch Super Cassette Vision</platform>
  <platform id="4967">RCA Studio II</platform>
  <platform id="4968">Bally Astrocade</platform>
  <platform id="4969">APF MP-1000</platform>
  <platform id="4970">Coleco Telstar Arcade</platform>
  <platform id="4971">Nintendo Switch</platform>
  <platform id="4972">Milton Bradley Microvision</platform>
  <platform id="4973">Entex Select-a-Game</platform>
  <platform id="4974">Entex Adventure Vision</platform>
  <platform id="4975">Pioneer LaserActive</platform>
  <platform id="4976">Action Max</platform>
  <platform id="4977">Sharp X1</platform>
  <platform id="4978">Fujitsu FM-7</platform>
  <platform id="4979">SAM Coupé</platform>
</platforms>